cluster,opened,n_demands,covered,pct_covered,mean_dist_m,w_mean_dist_m,objective_value
0,7,1282,640,0.49921996879875197,224.76608482745496,227.44726011792375,289709970.3491375
1,7,1182,343,0.29018612521150594,226.93886691146753,220.12509890990424,372493250.5244741
2,7,1107,544,0.4914182475158085,217.1223688542199,221.62916123428374,244017629.68775666
3,7,590,279,0.4728813559322034,227.63494798122153,238.73864308496036,127240509.47568442
4,7,358,138,0.3854748603351955,222.9268073965248,226.3604378885192,94455338.16385524
5,7,212,162,0.7641509433962265,205.98398960757567,194.04543288886563,20042979.338125356
