cluster,opened,n_demands,covered,pct_covered,mean_dist_m,w_mean_dist_m,objective_value,solver_status
0,13,639,388,60.72,208.8,215.97,125983857.94452302,Optimal
1,13,623,319,51.2,219.95,211.89,164172906.341069,Optimal
2,6,356,204,57.3,239.84,246.88,74118247.25210941,Optimal
3,6,244,213,87.3,213.54,204.81,16433654.577497786,Optimal
4,4,212,100,47.17,198.5,195.93,55344568.00218829,Optimal
