cluster,opened,n_demands,covered,pct_covered,mean_dist_m,w_mean_dist_m,objective_value
0,7,639,317,0.49608763693270735,208.22483410308374,219.3253609375144,169406408.82017535
1,7,623,235,0.37720706260032105,234.42077948379125,222.11298326538392,209171549.8687578
2,7,356,229,0.6432584269662921,240.4587782970342,248.4300003621102,62968849.7352947
3,7,244,224,0.9180327868852459,211.9149592176396,204.807173980628,13297107.848859075
4,7,212,120,0.5660377358490566,200.07013353295451,181.37500205984955,40506733.350061454
